"country","year","change_msfi","ad_sdg2_aid_lag","ad_sdg2_aid","ad_exc2_aid_gdp","infl","food_prod","food_imp_net_gdp","log_gdp","log_gdp_pc","gdp_pc_grw","gov_score","e_pt_coup","disast_affect","fight","prec_z","net_dens"
"Afghanistan",2017,-0.0997782705099778,342.626136911108,328.921351915558,16.075728737829,4.97595150553892,99.84,15.1096282426478,23.7232215169254,6.33414645747772,-0.253593781046973,-1.37303916215897,0,7.5076900778199,1,-0.516070636010711,0.07
"Albania",2017,-0.00515463917525781,12.0881641811671,22.4090651621243,5.19916370014435,1.98666133171199,103.88,3.82117754948485,23.2256583121928,8.35463191970404,3.89811226746693,-0.074097265303135,0,9.95237295026594,0,-0.309518639981028,0.15
"Argentina",2017,-0.348958333333333,32.3805420965467,78.9223670368073,0.07909109861681,3.09878131232082,105.91,0.463071644814407,27.118178210223,9.51746010477211,1.75764818265694,-0.0159576356410982,0,10.8547013141995,0,0.201391157703753,0.496048155049091
"Azerbaijan",2017,-0.305084745762712,8.67856086853058,8.64125651831871,3.05913198525927,12.9359184187335,107.73,0,24.6655024561044,8.5621110851301,-0.778416126232784,-0.719576549530029,0,1e-20,0,-1.68849418363467,0.23
"Benin",2017,-0.16,86.9331344013461,164.813434504467,5.01256960593482,0.0432648555103608,104.57,21.4451071577653,23.2438569461117,6.977619001007,2.60355652692061,-0.412411242723465,0,1e-20,0,-0.802232561620554,0.05
"Bangladesh",2017,0.00931677018633554,151.79958630641,197.676556994396,1.51789426921231,5.70207015717239,110.77,0,26.1295574372897,7.22772318071212,5.26645511283064,-0.746882057189942,0,15.9056478209416,0,1.32376068900429,2.88
"Bosnia and Herzegovina",2017,-0.0729166666666668,18.0192287840763,36.0183232682616,3.57620884263403,3.41758719469284,94.61,10.3095685399284,23.5846462553464,8.53365637719041,4.47338640670523,-0.307227114588022,0,1e-20,0,-0.093128321512269,0.17
"Brazil",2017,-0.172932330827068,51.756681324293,464.905033058399,0.187750132047889,3.44637335032669,106.98,0.544514151902677,28.1998702205839,9.04439683269492,0.523296588574212,-0.172717750072479,0,11.5534914267169,0,-0.531394173747588,0.19
"Botswana",2017,-0.105376344086021,5.95069569335656,4.66784902210673,0.704157690589753,3.30828076768219,93.21,4.51261200044041,23.4381177216929,8.74637205344679,1.97194438915353,0.485551923513412,0,8.08641027532378,0,1.70052804346571,0.06
"Cote d'Ivoire",2017,-0.0469208211143695,56.9618048629776,40.7725865707858,2.89812467825065,0.685881065304603,109.42,4.02755012114417,24.6886396205834,7.66035115229802,4.66846126110498,-0.540787959098816,0,5.41610040220442,0,-0.288284466371341,0.142194821455665
"Cameroon",2017,-0.108216432865731,128.428927730613,152.86969648293,4.16586340572648,0.64040914988195,103.19,3.72344288636282,24.2747085787104,7.26489439471832,0.648212633716412,-1.00801032781601,0,9.46420709593323,1,-0.526597297562141,0.26
"Colombia",2017,-0.115,36.3402905391261,130.114600807335,0.681830978288047,4.31431325695011,99.79,1.78631962701398,26.4392784761196,8.74526713635684,-0.161953874918439,-0.113293923437595,0,10.3369892693381,1,-2.15137426056472,0.19
"Costa Rica",2017,-0.057377049180328,2.59944351116292,113.039470983034,0.730647249285562,1.62590692991732,104.26,3.12160449982031,24.8383973296149,9.41468121825914,3.14326598585389,0.527636051177978,0,1e-20,0,0.370383329880077,0.86
"Dominican Republic",2017,0.00369003690036906,18.0265666611594,21.947721022929,0.511596208229996,3.27955694678546,106.29,3.54565939810996,25.0983439237602,8.91753228647237,3.49047723780494,-0.295960636436939,0,1e-20,0,1.18992987307347,0.29
"Algeria",2017,0.0611353711790392,19.2780187427141,17.8758521427473,0.122527872369136,5.59111590961664,102.87,4.72675354461173,26.0101592363475,8.47775175490231,-0.467047148195618,-0.848576593399048,0,11.7360690162844,0,-0.972376804527231,0.165045076530389
"Ecuador",2017,-0.1256038647343,22.1949702777796,88.3963715937807,0.779426596424081,0.417335588666825,95.69,1.95332837104441,25.3512211739167,8.7204849072871,4.33701991894264,-0.578315085172652,0,1e-20,0,1.2673054039686,0.33
"Egypt",2017,-0.0755395683453237,130.296878440514,110.456586826223,0.674874887890741,29.5066083940039,100.98,3.68900165302523,26.6039471698557,8.16553077647212,2.12874338059446,-0.707991778850556,0,1e-20,1,-0.911346615944025,0.13
"Ethiopia",2017,-0.0373665480427045,762.340137005222,575.212114641533,2.79755588372135,10.6871150284238,106.31,2.74234810032629,25.0728021540506,6.57332917624901,6.62278907050467,-0.855932772159578,0,16.1378982782545,1,-0.53412708523882,0.12
"Georgia",2017,-0.0628930817610062,39.7953435961211,48.3587266291419,4.8134307197796,6.03531725272117,89.17,6.72232043202328,23.5303577627952,8.39897423504682,5.14582677562736,0.543219077587128,0,1e-20,0,-0.369513332630878,0.3
"Ghana",2017,-0.0652741514360313,122.420467796552,111.122335998269,1.60465304806548,12.3719215507048,107.89,4.46943364035959,24.7346698410401,7.51058047794044,5.73907811296539,0.015580405294895,0,13.8155105579643,0,-0.137867378507942,0.147894952836251
"Gambia",2017,-0.00602434790744877,13.2361391111102,26.3455362866644,15.8037436004017,8.03418974545911,80.78,13.2868151420881,21.110373658938,6.42726609791906,2.00630767513326,-0.59817960858345,0,9.90348755253613,0,-0.67427842234647,0.17
"Guatemala",2017,-0.0351288056206089,78.5750872440276,261.938655998667,0.517317174441495,4.42453655182546,100.06,4.06197903810363,24.9101562996642,8.31660826591572,1.41564884120322,-0.641055405139922,0,10.6586466274989,0,0.433768115847202,0.16
"Honduras",2017,0.00480769230769238,74.3012951131331,36.311691452436,2.08594428396378,3.93436084442044,114.45,6.76666894977975,23.8523095663934,7.77224376994209,3.03458083540451,-0.644758611917496,0,10.7793728697752,0,1.68766543606295,0.15
"Indonesia",2017,-0.216666666666667,137.140538910737,174.006168457504,0.477155439196821,3.80879806953157,110,2.1163536733435,27.5797506572424,8.18640318825381,4.0176256075747,-0.103057389706373,0,12.7363478931175,0,1.47684896102625,0.3
"Iran",2017,0.0562500000000001,1.82369542518554,0.833002592661837,0.0240519916454745,8.04492437660278,95.3,2.35677789514552,26.8467459756587,8.59442381412959,1.30070500404484,-0.86031492650509,0,7.60090245954208,0,-0.49406397806881,0.13
"Jamaica",2017,0.0186335403726708,8.57114783345883,43.3392217916628,1.4238600718261,4.37839864991561,102.86,6.39909467602934,23.399308780374,8.55119184207652,0.792818276894394,0.189617247134447,0,1e-20,0,1.28505730430393,2.05
"Kenya",2017,-0.0808678500986192,241.078836297375,281.872233724743,3.08414326694154,8.00564967709945,90.64,4.49891841170902,25.0524133311326,7.34614146416019,1.60314661619574,-0.455233976244926,0,15.0466120296785,1,-0.831860982923902,0.28
"Cambodia",2017,0.0715746421267894,74.1058720259554,73.9380506372426,4.69669088429283,2.91263557371478,109.12,6.66995046606272,23.7510739202238,7.17361296436114,5.60387545950492,-0.953047525882722,0,1e-20,0,1.21560562735285,0.35
"Libya",2017,-0.0618556701030927,3.75082141452293,4.24606535146296,0.28842083905483,25.8036184788338,98.12,4.48480875438006,24.87563308607,9.207227038436,30.4963013785997,-1.6866660118103,0,1e-20,0,0.957355644635874,0.324371962641554
"Sri Lanka",2017,0.016949152542373,29.7029505067981,36.182807383115,0.976437159795273,7.70413767850602,88.82,3.11368263802514,25.2794803067799,8.39559998015814,6.05814482142807,-0.172248687967658,0,14.3994726964577,0,-0.139298925653209,0.5
"Moldova",2017,-0.082901554404145,67.6197629835011,43.8877380511336,3.31016453037692,6.57022997455597,115.78,7.4670988649113,22.8634114918664,8.03441489110945,5.99041199822246,-0.378022933006287,0,1e-20,0,-0.190892646273997,0.4
"Maldives",2017,0,1.87658229423819,5.35876634211983,1.61365649274451,2.81747338234509,101.39,9.93570859394476,22.2732445304806,9.20757426342194,2.93271651568628,-0.613503229618073,0,1e-20,0,0.399175261995866,0.222562561018703
"Mexico",2017,0.0522088353413653,25.0417424533561,119.693443017556,0.207872846062026,6.04145724018986,107.85,2.04989779424836,27.8604744264673,9.23408721332634,0.777009685996944,-0.301783649623394,0,6.68461172766793,0,-0.0135610040624728,0.2
"North Macedonia",2017,0.0927152317880795,6.33698438303099,6.14887491953871,2.87806117652065,1.35161889677442,83.71,7.80997056345894,23.0711258147564,8.61446846265562,1.48936718625188,-0.0699591606855391,0,7.70526247486633,0,0.142805997406646,0.57
"Montenegro",2017,0.103174603174603,2.48297482509677,20.2414803163387,4.58493979018062,2.3802359905313,97.82,13.2055226887891,22.1983023948509,8.8570075244083,4.70468752737763,0.0849986642599106,0,5.29831736654804,0,-0.400237214248529,0.65
"Mauritania",2017,-0.110266159695817,38.6837309199483,31.6477888383888,4.65699077832706,2.25427651934813,103.34,7.71309888763286,22.615804496866,7.37477525886583,3.50841555414037,-0.764087331295013,0,15.1748894252228,0,-1.36102115433199,0.124718886161938
"Mauritius",2017,-0.276923076923077,1.01559211788191,0.141713068510082,0.853212439495883,3.66699702675916,97.65,7.96328587642046,23.2853015325403,9.23480818444976,3.84430800639895,0.724594855308532,0,1e-20,0,0.680400656786267,1.3
"Malawi",2017,-0.0140845070422536,225.89377790326,243.675066125554,7.92667738375883,11.5433939188771,116.56,3.19860940592259,23.0084971898766,6.30923859584045,1.23415859863351,-0.525964083895087,0,15.7259298635318,0,1.0743515157597,0.150909660726583
"Malaysia",2017,0.132183908045977,1.84905293917127,3.32773220647461,0.0420388921880053,3.87120115774237,101.08,5.11568478571144,26.5315924795711,9.25110236726652,4.32563033470905,0.286152837891131,0,10.7574985436398,0,1.31530269943049,0.72
"Namibia",2017,-0.018796992481203,3.05785820034966,4.48034386813356,4.31289540493199,6.14579981111164,104.94,7.94438932853052,23.1411875847536,8.4650960644295,-2.75101363036156,0.238900609314442,0,7.82484569102686,0,0.694563997620091,0.05
"Nigeria",2017,-0.115273775216138,179.605291113819,478.265636004737,0.585272560519312,16.5022662139641,109.08,0,26.9155548707601,7.83478795300447,-1.70987309225109,-0.85786156654358,0,9.25913053614561,1,-0.466974081258991,0.94532859658769
"Nepal",2017,-0.0576271186440678,93.918792187633,120.86204128082,3.93622686107745,3.62709610696607,105.83,7.67407741094506,24.006532185848,6.85228755321738,7.73126907720822,-0.670757824182511,0,14.3497405502563,0,0.324999553072756,0.21
"Pakistan",2017,0.141843971631206,243.602893110597,244.619184774361,1.13067495155182,4.08537368032608,105.47,2.31710690561333,26.5339667648383,7.34142168003311,3.05478922007623,-0.695583236217499,0,11.0511598102429,1,-0.369833376683897,0.35
"Peru",2017,-0.145161290322581,73.3946152475421,196.735505212493,0.567892594200772,2.99490045809443,103.96,2.44850347525268,26.0329005141669,8.76405924308292,0.985513944113038,-0.13284672498703,0,14.5987292202803,0,1.57782615476315,0.13
"Paraguay",2017,-0.27710843373494,24.753683171794,39.5569249705221,1.08403656664382,3.60247741348943,110.54,2.67099497124653,24.4014154674364,8.73659943486072,3.34581598704227,-0.510677392780781,0,1e-20,0,0.121539858844253,0.19
"Senegal",2017,0.0487179487179487,181.176397378022,212.1719880145,5.8598018594678,1.3181531484778,134.25,9.88111817490441,23.7341278008937,7.20010245378804,4.52749063133484,-0.105022776126861,0,1e-20,0,-0.784057157219451,0.24
"Sierra Leone",2017,-0.0751978891820581,26.6275848802467,40.1714646479117,7.81989467455929,18.2215094003386,84.47,0,22.2690474183254,6.41523442076653,1.27194946638203,-0.753065836429596,0,1e-20,0,0.715061580715797,0.182139846561777
"El Salvador",2017,0.014218009478673,24.5166525694832,40.754109267974,1.61930096056145,1.0123540331558,104.04,7.47172959546708,23.9249356735953,8.27418255574183,1.98421127831776,-0.361858892440796,0,1e-20,0,0.350661157656233,0.543174746671424
"Serbia",2017,-0.12280701754386,6.73039223403099,13.0801366572412,6.15500329598036,3.13106248590115,90.75,3.9824298123881,24.4571414294538,8.6927454386981,2.64598586238259,-0.0942743532359599,0,1e-20,0,-0.692498453939329,0.5
"Chad",2017,-0.0500736377025036,136.554672869347,133.582037804169,5.98468038030907,-1.53709962980849,108.64,17.0156052733314,23.0217009586236,6.49243092850571,-6.16090513543264,-1.37840161323547,0,14.4503928303922,0,-0.832567803441197,0
"Togo",2017,-0.0298013245033113,9.86475525199281,14.2214511339571,6.18588814227699,-0.981889868943119,105.89,4.44816740342826,22.5539987860796,6.67761870873671,1.4725493020598,-0.818667471408844,0,9.68408698750075,0,-0.404661221721295,0.02
"Tajikistan",2017,-0.282722513089005,16.5492135505873,19.07238712293,3.76440168976611,2.66269505150022,131.87,6.76140773355493,22.9713898521417,6.96696414471235,4.69765772352821,-1.34702243804932,0,6.5510803350434,0,-0.36679139084269,0.1
"Tunisia",2017,-0.0659340659340659,31.3645383149334,66.2909385093856,3.70614884740317,5.30884839565844,93.75,4.63849337203949,24.5803460528833,8.29576668758435,1.14914304799336,-0.0633187264204024,0,7.60090245954208,0,-0.0893023452152904,0.13
"Tanzania",2017,-0.124744376278119,225.126199489153,250.798603182193,4.22049831699708,5.31871605228931,96.03,1.45358996272991,24.714032129639,6.898666185434,3.24006236069334,-0.505505645275116,0,1e-20,0,0.0895709153768586,0.16
"Uganda",2017,-0.0754147812971342,236.029496813235,273.859179575065,4.71376656355562,5.20971705914209,103.98,2.6581264651012,24.2785646629916,6.77100256231036,-0.412239332308602,-0.574571436643601,0,2.63905732961526,0,-0.98047166004283,0.111548484426851
"Ukraine",2017,-0.126262626262626,106.577675343413,83.1239387956247,0.906774979819808,14.4383227488749,100.01,3.86752820323807,25.28190780631,7.71723500798643,2.81064547083641,-0.473235737346113,0,1e-20,0,-0.877621198452193,0.29
"Zimbabwe",2017,-0.0309119010819165,2.61869745862989,1.5781556368484,0.0449607750760192,0.893962316050027,106.59,3.92330162704893,23.7661138321604,7.25928555012823,1.97484556825425,-1.35123105049133,1,16.2314243362653,0,1.77658690925717,0.205330796730869
"Afghanistan",2018,-0.0947580645161289,328.921351915558,330.200688716885,14.9188564722131,0.626149149168983,96.19,0,23.7350436407167,6.31711650153857,-1.68857659163658,-1.36761367321014,0,16.4184964958179,1,-1.21462542417111,0.07
"Albania",2018,0.0102564102564102,22.4090651621243,27.5058353573075,7.1219578875253,2.02805963071136,106.02,3.81410644783971,23.265065023595,8.39650595152905,4.27631155105293,-0.0869207367300987,0,6.68461172766793,0,1.31227109436893,0.14
"Argentina",2018,-0.247104247104247,78.9223670368073,3.84340669382371,0.0941785873148286,1.55552636526047,97.51,0.761263380695814,27.0916556104831,9.48077942154147,-3.60160975657155,0.0106408178806305,0,11.0575345480923,0,-0.683828066813702,0.461509182289709
"Azerbaijan",2018,-0.103896103896104,8.64125651831871,7.10480120385456,2.01238218938571,2.26854690373999,113.33,3.14558289801761,24.6803910685981,8.56833652846015,0.624486167739661,-0.68803777396679,0,1e-20,0,-0.468078275001975,0.23
"Benin",2018,-0.0391849529780564,164.813434504467,96.6568938719914,4.60605748170036,0.919170717886054,109.45,17.6627745689782,23.308682178848,7.01322031187522,3.62426254503761,-0.371898257732391,0,1e-20,0,0.455334798630132,0.05
"Bangladesh",2018,0.012539184952978,197.676556994396,259.919815466838,1.56359906276885,5.54362139486476,110.54,0,26.2001968037742,7.28674876256956,6.08023776882422,-0.786084401607513,0,9.5468126085974,0,-1.37017544215116,3.01
"Bosnia and Herzegovina",2018,0.155339805825243,36.0183232682616,11.7807525971683,4.08185976094976,2.14100001835113,114.96,10.1642632278511,23.6222069299119,8.58288299986876,5.04583814593265,-0.380450570583343,0,1e-20,0,0.571699667353067,0.2
"Brazil",2018,0.00641025641025639,464.905033058399,80.3570462532744,0.166513268074787,3.66485028376729,107.51,0.527446558213487,28.2175496814549,9.05413861202746,0.978938492697395,-0.243719989061356,0,7.13089883029635,0,-0.0302985994592674,0.19
"Botswana",2018,-0.0389105058365759,4.66784902210673,5.91272057930505,0.751217381077114,3.23801558947715,89.17,4.83523600894582,23.479145393176,8.76697187392212,2.08134612425246,0.488839900493622,0,8.34877453979127,0,-0.512624103724325,0.06
"Cote d'Ivoire",2018,-0.0364145658263305,40.7725865707858,74.9724692867492,2.57498876787097,0.359409031380677,114.55,4.48668717916524,24.7359348207936,7.68198160316769,2.1866084962458,-0.455757465958595,0,10.1266311038503,0,1.45986772563829,0.0849290994267733
"Cameroon",2018,-0.0488245931283907,152.86969648293,132.953918678323,4.56098649231074,1.0688581131292,107.35,3.34656247655195,24.3135014526508,7.27604989227844,1.12179521442972,-1.01294573545456,0,1e-20,1,-0.823138274053335,0.27
"Colombia",2018,-0.116591928251121,130.114600807335,116.292202812784,1.20147955577195,3.24056932930569,75.57,1.92881164748555,26.4645984458586,8.75163123859012,0.638439615993107,-0.0931950688362122,0,11.0020998412042,1,-1.52635215209556,0.19
"Costa Rica",2018,-0.0620155038759689,113.039470983034,3.32670186641334,0.90811025923445,2.22111461526581,105.42,3.03960332466033,24.8642200780232,9.43115781365871,1.66130830846163,0.583442384004593,0,11.7375878622537,0,-0.619263650849454,0.87
"Dominican Republic",2018,-0.00740740740740738,21.947721022929,30.997091533437,0.731763498435209,3.56443426013508,113.77,3.58698441745713,25.1658392652981,8.9739792512129,5.80704982687432,-0.297746488451958,0,8.90788301394225,0,-1.04347516095973,0.579806562374059
"Algeria",2018,0.0790697674418604,17.8758521427473,23.4108506452912,0.107966377268809,4.26999020467084,108.63,0,26.0240621415178,8.47262140579152,-0.511721134650301,-0.859273469448089,0,5.29831736654804,0,1.59916491387712,0.353902158075895
"Ecuador",2018,-0.124463519313305,88.3963715937807,27.3020208759481,1.19792594813466,-0.224103246005552,94.03,2.18939310270795,25.3616099783978,8.7119646186969,-0.848409380100335,-0.499195729661733,0,1e-20,0,0.310625811958552,0.33
"Egypt",2018,-0.107023411371238,110.456586826223,151.647425911758,1.00981962390306,14.4014657807422,96.36,3.76194105980246,26.6558857878565,8.1984800867914,3.34981502222627,-0.679916757345199,0,1e-20,0,0.677202873724651,0.13
"Ethiopia",2018,-0.0188679245283019,575.212114641533,545.076390020841,2.97615009520102,13.8330356586661,106.33,3.01540767994114,25.138741079759,6.61253489175022,3.99844025588089,-0.752673560380936,0,1e-20,1,0.748260284251865,0.13
"Georgia",2018,-0.0502958579881658,48.3587266291419,39.1374258999903,5.15383671256815,2.6152447139767,104.3,7.3322139546086,23.5892117489039,8.45821858661897,6.10344745087359,0.554858809709549,0,7.04141166379481,0,-0.330513817995141,0.3
"Ghana",2018,-0.0735294117647059,111.122335998269,124.570248704103,1.26365140554879,7.80876516610703,113.03,4.38773218135492,24.7948244953217,7.54950833456261,3.96954738010722,0.00200067013502119,0,11.5129254649702,0,1.62813529860842,0.135558344093534
"Gambia",2018,0,26.3455362866644,17.4226057812906,12.4634839806733,6.52096823946573,56.75,12.8993122411349,21.1802251381533,6.47070381368059,4.43949429425278,-0.519608733057976,0,1e-20,0,0.00800396387555276,0.17
"Guatemala",2018,0.0158371040723983,261.938655998667,65.8294243493135,0.889862132505654,3.75186186704508,103.54,4.28713016974244,24.9436575474287,8.33410565386525,1.76513639905617,-0.652063858509064,0,14.2709999889895,0,-1.24973665605596,0.16
"Honduras",2018,0.00724637681159413,36.311691452436,57.247640082644,2.63813756272682,4.34734937777528,116.54,7.48574164360137,23.8900387328367,7.79287564731429,2.08461858788954,-0.660922282934189,0,12.8129754276245,0,-0.481615581434926,0.15
"Indonesia",2018,-0.0410958904109589,174.006168457504,182.77237968861,0.638577044590293,3.1983464156241,115.55,2.20274064452309,27.6301993646925,8.22718983134527,4.16298429125608,-0.0663092296570541,0,11.8738394116283,0,0.0303084150518795,0.3
"Iran",2018,0.0640176600441501,0.833002592661837,2.21766935799071,0.029164198597328,18.0141183371874,87.11,2.64830257607666,26.8281948876369,8.56279390401673,-3.11349170944678,-0.980266535282134,0,8.87276752991094,0,0.320532981950405,0.14
"Jamaica",2018,0.0105485232067511,43.3392217916628,8.65844383508337,1.76424470089127,3.73663882152163,105.84,6.35916024848106,23.4180316453407,8.56868379224769,1.76458302430416,0.17389677464962,0,1e-20,0,-0.485801038680671,2.05
"Kenya",2018,-0.111313868613139,281.872233724743,283.064852671707,2.98074449646008,4.6898064677633,100.31,3.36339544145033,25.1073554513186,7.38075624430114,3.52208443515578,-0.484853595495224,0,15.0995473620448,1,1.52761436732299,0.28
"Cambodia",2018,0.0110132158590308,73.9380506372426,106.1678676799,3.60208022691913,2.45908515380146,111.36,7.1416521827873,23.8231077426041,7.23343233014935,6.16447598598624,-0.972241199016571,0,8.66853994391076,0,0.393475082716673,0.36
"Libya",2018,-0.0744336569579289,4.24606535146296,2.87436941225013,0.179301690712251,13.1702038536721,102.34,4.96468791968705,24.952051089537,9.26816066564101,6.28283689566369,-1.73091657161713,0,1e-20,0,0.0966633336458857,0.194685944413018
"Sri Lanka",2018,-0.120689655172414,36.182807383115,79.893802177515,0.914102785249918,2.135037737132,97.72,0,25.3023183641788,8.41087899066624,1.53963313430194,-0.167031995556317,0,12.6238351629302,0,0.836943389062324,0.5
"Moldova",2018,-0.177033492822967,43.8877380511336,28.5654750266449,3.43893395552073,3.04505397337071,121.39,7.81232334389404,22.9033588204501,8.0919322639006,5.92036718190722,-0.36466329023242,0,1e-20,0,-0.950360733439323,0.4
"Maldives",2018,0,5.35876634211983,0.771761767277484,4.61337086745548,-0.133373386117595,100.6,10.0064419782449,22.3563717644969,9.25470509395881,4.82591444153626,-0.62630500793457,0,1e-20,0,-0.273676219749214,0.3
"Mexico",2018,0.0254237288135594,119.693443017556,9.70907216382894,0.170567165658909,4.89935015356551,110.33,2.09338651752499,27.8800033113392,9.24409941175897,1.00624881882332,-0.361525629274547,0,4.78749174278205,0,0.300112094705721,0.21
"North Macedonia",2018,-0.0437956204379563,6.14887491953871,6.32913790015449,2.34286388189628,1.45831298507117,101.5,8.23819972811041,23.0995246892956,8.64793954476456,3.40375411089484,-0.030979400873184,0,1e-20,0,1.21955928318336,0.58
"Montenegro",2018,-0.0619469026548672,20.2414803163387,9.00084209083818,5.30166786075995,2.611223782638,102.16,13.381112806288,22.2478340822273,8.90677382531618,5.10254439807166,0.106635914929211,0,1e-20,0,0.667086155330198,0.67
"Mauritania",2018,-0.106164383561644,31.6477888383888,54.4025436909899,5.48693145551362,3.06735996058356,106.82,8.89966943658972,22.6624225291209,7.39513141308582,2.05647537510671,-0.815661489963531,0,12.7674012514693,0,-0.624246214144009,0.01
"Mauritius",2018,-0.114457831325301,0.141713068510082,1.386190228371,2.15215582358531,3.21605383144579,90.05,7.49482929041449,23.3245870567855,9.27354835415355,3.9500354872734,0.714768585562707,0,1e-20,0,2.45454231479394,1.33
"Malawi",2018,-0.0138888888888888,243.675066125554,123.305403898017,7.10690495642814,12.420178108921,123.76,2.68863588012791,23.0514770621456,6.325362853838,1.62549553666524,-0.554199740290642,0,9.17087162806582,0,0.670645181550907,0.0521498395972502
"Malaysia",2018,0,3.32773220647461,3.54950455672425,0.0614171028042371,0.884709160571235,99.81,4.98845204483434,26.5788871162475,9.2852406357381,3.47276670505505,0.471829567849635,0,9.73506890091116,0,0.0655690894242166,0.75
"Namibia",2018,-0.0202952029520294,4.48034386813356,6.79220571440594,3.13976457527755,4.29159105337875,102.01,7.83716452735639,23.1517312392656,8.45838807342552,-0.66855426548112,0.243286155036185,0,13.2285235732327,0,-0.606872231234465,0.05
"Nigeria",2018,-0.10594315245478,478.265636004737,477.661262687439,0.458041540342801,12.0951065173432,114.06,0,26.9345999302135,7.82886656341698,-0.590389271247744,-0.884405702352523,0,14.477272329051,1,-0.139001393202597,0.919043828023528
"Nepal",2018,-0.0128205128205129,120.86204128082,76.039402456467,4.187748596789,4.0611633875107,109.92,7.97148263998,24.0799905823243,6.91434045604138,6.40186328295842,-0.608082923293114,0,7.24850407237061,0,0.594417589798252,0.23
"Pakistan",2018,-0.0578512396694216,244.619184774361,223.394138879675,0.737421375040951,5.07805725868917,106.38,2.05226759584271,26.5936658065411,7.38574899770225,4.53244520613151,-0.726756453514099,0,8.51719319141624,1,-1.82941154343199,0.35
"Peru",2018,-0.00704225352112669,196.735505212493,190.124858089503,0.644096316977676,1.50915423024742,112.1,2.36414897300444,26.0718264852473,8.78422699776125,2.03724979302511,-0.165881904959679,0,1e-20,0,0.321826534697319,0.13
"Paraguay",2018,-0.471698113207547,39.5569249705221,30.977259763636,0.988918806545415,3.97561015740694,110.22,2.84617265701394,24.4329553191202,8.75439958433303,1.79595163131663,-0.427148631215095,0,10.7428972400743,0,-0.303430784153474,0.2
"Senegal",2018,0.0350404312668465,212.1719880145,170.355331910157,6.48131443743092,0.460985642464282,152.86,9.71781058085864,23.7943687353129,7.23319695538881,3.36482160369758,-0.105337300151586,0,12.6760762747759,0,-0.0536823467354096,0.24
"Sierra Leone",2018,-0.0184049079754601,40.1714646479117,14.8973391575208,7.57243444810678,16.0295447693699,88.66,9.54456358059659,22.3031870003308,6.42572687210554,1.0547690134314,-0.719926631450653,0,1e-20,0,1.24487414068607,0.151545057048074
"El Salvador",2018,0,40.754109267974,21.4704563981911,2.93303301200365,1.09033000581892,101.53,8.03824117213034,23.9487737184518,8.29647583379358,2.25436301028891,-0.398570654541254,0,12.8833673367163,0,-0.382618283242131,0.739756752999147
"Serbia",2018,0.0234375000000001,13.0801366572412,38.6680824643178,4.32893810750661,1.95984076293801,107.67,4.39115020943617,24.5011116275871,8.74217915651772,5.0675948814029,-0.0814552893862128,0,5.44241771052179,0,0.894346830927808,0.51
"Chad",2018,-0.0476858345021039,133.582037804169,232.127179235449,6.74604743086692,4.27462198610545,114.47,8.71064462051257,23.0451639159892,6.48211260838343,-1.02652688805676,-1.3773674249649,0,1e-20,0,0.0284501306079678,0
"Togo",2018,0.00643086816720266,14.2214511339571,17.3148258641754,5.61326737110423,0.927755426457183,110.32,5.16281600627943,22.6008352360424,6.70006521835229,2.27003280676372,-0.785267627239227,0,1e-20,0,0.728651872895241,0.03
"Tajikistan",2018,-0.208163265306123,19.07238712293,20.6203383233119,4.03072397239468,1.87487683073058,145.45,6.0893678808894,23.0446403035612,7.01776867214255,5.21172131260622,-1.33893158435821,0,8.65259782842244,0,-0.478968531525478,0.1
"Tunisia",2018,-0.0309278350515465,66.2909385093856,124.435922096865,3.70779428531958,7.30759176031652,113.3,4.67610767293349,24.6062567536318,8.31143508843574,1.57917938586991,-0.0739854434505104,0,10.3089526606443,0,0.0303245040403721,0.13
"Tanzania",2018,-0.0290909090909091,250.798603182193,216.25547468718,3.77347689430613,3.49445848856181,104.52,1.15998760314399,24.7672703087567,6.92017677419236,2.1743589821609,-0.569803458452225,0,9.67237483157224,0,1.06903777017143,0.0945379014755051
"Uganda",2018,-0.0659186535764376,273.859179575065,296.00899563234,5.36412805033863,2.61601190952274,105.73,2.35170757064065,24.3396966740185,6.79812179375227,2.74903046108834,-0.606326079368591,0,1e-20,0,-0.100203792168484,0.0882216548631596
"Ukraine",2018,0.0358744394618834,83.1239387956247,99.4075583036676,1.08167215494127,10.9518559353178,107.23,4.39094250810628,25.3161967855481,7.75661330560539,4.01638177635452,-0.485456863790751,0,1e-20,0,-0.877843108435493,0.28
"Zimbabwe",2018,-0.00449775112443774,1.5781556368484,1.00978097231784,0.0499632908934753,10.6188658669575,107.82,3.8309135642724,23.8149979612798,7.2879643063699,2.90939513608366,-1.2997640132904,0,15.7470319695675,0,-0.28360305499534,0.165231643709078
"Afghanistan",2019,-0.0607734806629835,330.200688716885,271.904336564334,17.0468771025455,2.30237251516819,109.41,11.5535155636216,23.7734140252917,6.3264015951867,0.932833385632875,-1.35995700359344,0,16.427852913537,1,1.25567916204961,0.207174937559242
"Albania",2019,0.038860103626943,27.5058353573075,20.6902726864227,3.52472836118297,1.41109078954246,104,3.94043655615799,23.2857272029047,8.42142820450913,2.52354084280566,-0.127495360374451,0,1e-20,0,0.0826113776683645,0.14
"Argentina",2019,-0.108359133126935,3.84340669382371,2.2986090532433,0.0836812803421146,3.69488902032261,112.42,0.552029170934644,27.0714441173836,9.45063395350898,-2.96956249866219,-0.107364508509636,0,11.1617070357131,0,-1.14031605049198,0.07
"Azerbaijan",2019,-0.129411764705882,7.10480120385456,8.70117685266772,1.29990092087603,2.61057182799215,121.46,3.56043941711603,24.7050836818464,8.5845626744443,1.63585048130741,-0.668090599775314,0,1e-20,0,-1.47780043644285,0.23
"Benin",2019,0.00754147812971342,96.6568938719914,108.375550209447,4.1679377656963,0.732849371240975,117.25,10.989552557548,23.3750847736622,7.05075216584011,3.82450687770586,-0.376574317365885,0,1e-20,0,1.14914375688354,0.05
"Bangladesh",2019,0,259.919815466838,290.933552303777,1.6150500138687,5.59199639930629,111.94,0,26.2760638685065,7.35148410240164,6.68766272688883,-0.818839311599731,0,15.8442507352946,0,-0.903870230525232,3.2
"Bosnia and Herzegovina",2019,-0.0574712643678161,11.7807525971683,16.373023347384,4.49556129684749,1.60547073871588,105.39,9.62138776587007,23.6506713796278,8.62300826293115,4.09411575032696,-0.390075609087944,0,6.63200177739563,0,0.292313171377886,0.17
"Brazil",2019,0.0838709677419355,80.3570462532744,94.1689916303718,0.125323287508918,3.73297621216894,109.12,0.525011832037474,28.2296835457086,9.05861139826028,0.448280407148658,-0.137029129266739,0,16.122980998193,1,-1.31151993053162,0.19
"Botswana",2019,0.00561797752808983,5.91272057930505,6.47631025654085,0.543252150308128,2.77286442863321,92.64,5.26033254376629,23.5090167929078,8.7773347101743,1.04167163959789,0.498481887578964,0,10.5453414387085,0,-1.21878406213432,0.06
"Cote d'Ivoire",2019,-0.0324324324324325,74.9724692867492,166.978500401415,2.62176776358853,-1.10686343994188,116.76,3.93770168570847,24.8009860699258,7.72171997784388,4.05385073540685,-0.456738579273224,0,9.59192253962101,0,1.56135486074073,0.0764661463571817
"Cameroon",2019,0.0172413793103448,132.953918678323,160.392202796809,4.01470452776157,2.45280214062732,104.17,4.0125556137135,24.3476618839731,7.28246152579352,0.643223203710647,-1.05743743181229,0,1e-20,1,1.08661463192503,0.193633988880403
"Colombia",2019,-0.0642570281124499,116.292202812784,184.172751299337,0.856151337864058,3.52301932741447,108.22,1.96775473545868,26.4959697345776,8.76469505788441,1.31495237842461,-0.0237807534635068,0,10.5940564120813,1,-1.82529019975417,0.19
"Costa Rica",2019,-0.0583941605839417,3.32670186641334,2.96031073793878,1.02992519401402,2.09604635327807,96.39,3.00172845447885,24.8881076038578,9.44639405602675,1.53529056591222,0.628686654567719,0,1e-20,0,-0.965070376105445,0.87
"Dominican Republic",2019,0.0330882352941176,30.997091533437,43.5629174442014,0.814002220985733,1.81060377042959,117.07,3.48814900377764,25.2151261443715,9.01251638199725,3.92893172690793,-0.270125846937299,0,1e-20,0,-1.05229782348795,0.610633258522777
"Algeria",2019,0.111111111111111,23.4108506452912,19.0089315435697,0.112416869383254,1.95176821052892,112.36,0,26.0330218828884,8.46318669830524,-0.939034027379321,-0.905409240722657,0,11.7362689962871,0,0.0636437926569451,0.305922778489242
"Ecuador",2019,-0.118320610687023,27.3020208759481,558.284877835976,1.61862060594644,0.266012515466155,97.95,2.20935200150766,25.3632626473143,8.69452045498009,-1.72928951545876,-0.436858000606298,0,8.00636756765025,0,1.17141470211858,0.33
"Egypt",2019,0.0574018126888218,151.647425911758,130.622616151913,0.813798260214486,9.15279959324804,100.63,4.02131465463409,26.709920206102,8.23457448378224,3.67537083022347,-0.688453066349029,0,1e-20,1,1.12099899130593,0.14
"Ethiopia",2019,0.0252525252525253,545.076390020841,584.974613485413,2.63715752029202,15.8096321719344,110.17,2.20942216420491,25.2190676151411,6.66630132579777,5.52381056763929,-0.710879796743392,0,12.2060726455302,1,1.89060946248263,0.13
"Georgia",2019,-0.0788732394366196,39.1374258999903,51.4033886888493,5.49147170458935,4.85289821696723,105.76,6.4971184949805,23.6416212531234,8.51234374824076,5.56167165873158,0.585133108496666,0,8.53464010501996,0,-2.69533236557477,0.3
"Ghana",2019,0.0981735159817351,124.570248704103,101.826738683743,0.990784192733982,7.14364003330857,119.42,3.22719589464114,24.8578722945782,7.59166682197907,4.30597775008748,-0.00359426718205209,0,10.1697672187275,0,1.72086571018726,0.130338742127867
"Gambia",2019,-0.0303605313092978,17.4226057812906,10.0590356633376,11.2864326235884,7.11567625631192,62.04,12.1313327620641,21.2405866962887,6.50523850415179,3.51379371760613,-0.509414646029472,0,1e-20,0,-0.506113628231247,0.19
"Guatemala",2019,-0.039080459770115,65.8294243493135,64.1250056856905,0.612370862327043,3.69998398008605,101.56,4.41221079716689,24.9830503412982,8.35789458725659,2.40741472209567,-0.68205065727234,0,14.2209756660724,0,-1.6084676731802,0.16
"Honduras",2019,0.00486618004866187,57.247640082644,55.7545685257436,2.02110780697681,4.36587159819267,115.89,7.03531649792757,23.9153129747448,7.80134292237703,0.850322382729289,-0.720766896009445,0,12.7938593104323,0,-1.56725001530795,0.15
"Indonesia",2019,0.0789473684210526,182.77237968861,137.009135601279,0.506641712599956,3.03058664969487,109.5,1.86203717952222,27.6791732041875,8.26678677810389,4.03913565656795,-0.104173931851983,0,13.7417423742298,0,-0.967134089868754,0.29
"Iran",2019,0.0424528301886792,2.21766935799071,2.56228445713928,0.0225372960444015,39.9073455697784,92.13,0,26.7970077040567,8.52061078781016,-4.13057879491164,-1.05410408973694,0,16.1182158437349,1,2.58280557557239,0.13
"Jamaica",2019,0.023454157782516,8.65844383508337,0.946560354859992,1.67937923635344,3.90510000865872,104.71,7.10406477266839,23.4269149878951,8.57687814258063,0.822801591466416,0.172397130727768,0,1e-20,0,-0.62954896261613,2.05
"Kenya",2019,-0.0574712643678162,283.064852671707,599.92098858709,3.25946114740079,5.23963795764792,107.28,3.26201782727289,25.1572322521005,7.41084847559866,3.05495784951917,-0.472101771831512,0,14.8569664327904,1,1.37088121821791,0.28
"Cambodia",2019,0.0178173719376391,106.1678676799,105.771393512158,4.54536357405042,1.94257500833107,109.42,7.12753529027699,23.891271935526,7.29027210145166,5.84861969425387,-0.946149182319642,0,12.9831013100708,0,-1.48206983937352,0.36
"Libya",2019,-0.0753012048192771,2.87436941225013,4.65685337402193,0.1864815116055,-2.16217883470595,101.18,5.04766249016769,24.8902311742448,9.19234560620483,-7.30123716778905,-1.77811727523804,0,9.90498642865986,0,0.664843553742797,0.259505523931193
"Sri Lanka",2019,-0.169230769230769,79.893802177515,47.5373303784249,0.942625069767377,3.52839358231811,99.46,2.21325978007733,25.3001110910821,8.40255295811195,-0.829146714268376,-0.142140167206526,0,13.5340292211541,1,-0.207472515961578,0.51
"Moldova",2019,-0.117886178861789,28.5654750266449,32.7692152922699,3.59657847755206,4.83778351428728,118.64,8.02389112409501,22.9382655695705,8.14284217837886,5.22280984962049,-0.336739847809076,0,8.60520406873895,0,-1.53050285047105,0.41
"Maldives",2019,0,0.771761767277484,4.26657984450648,3.6820834407193,0.220029731065383,106.82,10.1451950329923,22.4268147177284,9.29547574179385,4.16131819093712,-0.377264139056206,0,7.49554194388426,0,-0.505749941516102,0.2715785150315
"Mexico",2019,-0.0347826086956522,9.70907216382894,45.7670896680173,0.191999736597072,3.63596142127046,111.8,2.05836488119109,27.8774867900046,9.23298023952703,-1.10575827225217,-0.372268748283386,0,8.20028826028755,0,-1.10867447391715,0.2
"North Macedonia",2019,-0.00699300699300697,6.32913790015449,11.8106769485317,3.23683701140154,0.766439573459716,95.71,7.93468173076952,23.137883680681,8.69309162303549,4.61869501137757,-0.0927216567099094,0,1e-20,0,-0.360580063834688,0.57
"Montenegro",2019,-0.075,9.00084209083818,6.41854501255476,4.19960254977129,0.361563704540767,99.04,13.0275703748242,22.2876598526011,8.94691946581577,4.09623694324546,0.0977878366596996,0,1e-20,0,0.245645690791038,0.69
"Mauritania",2019,-0.111455108359133,54.4025436909899,55.9170136075397,5.20512525551459,2.30009262117937,105.07,9.67787830365205,22.6933493744805,7.39991171089433,0.479174165981505,-0.742317354679108,0,12.8589185293166,0,-0.142901392638619,0.176982336955228
"Mauritius",2019,-0.118918918918919,1.386190228371,6.65433899656961,1.29347483863307,0.405655190309553,94.99,7.30536947689694,23.3530898161096,9.30172878283474,2.85812532389771,0.707995882630349,0,1e-20,0,-0.0312853625727256,1.37
"Malawi",2019,0.0186799501867995,123.305403898017,119.021476502002,6.12787899622196,9.3708360560567,127.04,2.8579762398841,23.1045265362401,6.35158375233065,2.65676906844917,-0.557519973814487,0,13.8071214677405,0,1.61561941034416,0.265845127575589
"Malaysia",2019,0,3.54950455672425,1.78446578639137,0.0319884252904858,0.662891865764326,96.88,4.64339233891796,26.6220729140267,9.31601128720668,3.12489613274091,0.438445487618446,0,10.0202478431448,0,-1.21766318750619,0.85
"Namibia",2019,-0.0198915009041592,6.79220571440594,10.1159777169877,1.37964903488962,3.72239414422695,96.12,8.27929677011472,23.1433042851544,8.43307643757987,-2.49939821462576,0.259940026700497,0,13.2285235732327,0,-1.51351456884155,0.06
"Nigeria",2019,-0.100467289719626,477.661262687439,365.996923461253,0.503195944976013,11.3964223378115,109.77,0,26.9564438968438,7.82622852306388,-0.26345637824295,-0.928368151187897,0,11.1724050455024,1,2.26697173442372,0.613720353771491
"Nepal",2019,-0.0696202531645568,76.039402456467,86.5120131822709,3.81926382408442,5.56868547784929,113.44,7.76613114647644,24.1444389940688,6.96742535171891,5.45191654383778,-0.644603157043456,0,11.3210504185712,0,0.996642767042476,0.23
"Pakistan",2019,-0.109375,223.394138879675,188.994407296169,1.0787285086071,10.5783618004555,109.84,1.72519928810036,26.6183353645187,7.39433874220504,0.862674221586389,-0.767134130001068,0,15.3591951316686,1,0.986536143531329,0.35
"Peru",2019,-0.0466200466200466,190.124858089503,315.783614713648,0.761643553794925,2.25212191358027,116.69,2.28092358301987,26.0939854691412,8.78728872557432,0.306641968886368,-0.074547153711319,0,9.13550906135318,0,1.52239332967884,0.13
"Paraguay",2019,-0.365384615384615,30.977259763636,29.402646613879,1.15330723088969,2.75709727562775,102.2,2.52916320201018,24.4289286720403,8.73700718917237,-1.72420205098025,-0.424494171887636,0,13.1715287092848,0,-0.725444248823363,0.2
"Senegal",2019,0.0195530726256982,170.355331910157,150.782665356708,8.85801856413737,1.76011151192938,153.59,8.29939110501686,23.8394723802079,7.25132428869514,1.8292630702439,-0.0589153080247341,0,12.7037157605793,0,-0.609153682900676,0.23
"Sierra Leone",2019,0,14.8973391575208,38.2878985349703,7.22434915941921,14.8049990906021,78.32,0,22.3543908806953,6.4536023462207,2.82676305120302,-0.699497786164283,0,9.24773249119325,0,3.19700940961808,0.247757250248154
"El Salvador",2019,-0.014423076923077,21.4704563981911,23.8179108626668,2.75578628192973,0.0753241350024612,102.8,8.58936131570554,23.9728561116343,8.31994101964675,2.37426593989549,-0.370796540379524,0,12.8651717119505,0,-0.40760354890865,0.662472171099664
"Serbia",2019,0,38.6680824643178,54.6849959503427,3.83780683296595,1.84922984511086,107.81,4.37793387735274,24.5435170229647,8.78995065207356,4.89309425558007,-0.111998561024666,0,9.36306145899385,0,-0.341815325231767,0.51
"Chad",2019,-0.0214190093708165,232.127179235449,176.701850283509,5.24554826626459,-0.971939175419317,118.38,11.5494795860732,23.0771196676919,6.48112253281072,-0.0989585609599004,-1.37938961982727,0,6.04737217904628,1,0.81354253318096,0
"Togo",2019,0.0355987055016181,17.3148258641754,25.266409116601,5.79210639083983,0.674652770077436,114.05,5.14145636222683,22.6488910917864,6.72400477494083,2.4228408160517,-0.757438039779663,0,1e-20,0,1.02638238463613,0.02
"Tajikistan",2019,0.027027027027027,20.6203383233119,28.6174773725968,3.57124334533948,0.572702534276166,153.16,6.97792366350408,23.1160303011665,7.06653442039815,4.99743636034486,-1.31465756893158,0,8.81729778386658,0,-0.863228142702715,0.206859720049869
"Tunisia",2019,-0.105,124.435922096865,42.7684552874733,3.42843543095098,6.72007532863799,104.26,4.42772504166501,24.6220104760924,8.31749218927259,0.607548216589834,-0.0417066819965839,0,1e-20,0,0.492482477133019,0.13
"Tanzania",2019,0.0088339222614841,216.25547468718,188.620734879592,3.10559562951061,3.4642805799902,105.58,0.86354716543397,24.8236506421925,6.94650520637827,2.66781708219399,-0.60775876045227,0,8.51719319141624,0,1.48739045074506,0.22637140347059
"Uganda",2019,0.0131578947368421,296.00899563234,338.364229173542,4.42276370816556,2.867588034469,118.45,2.28340889224759,24.4020961436981,6.82657035778905,2.88570892180931,-0.645977771282196,0,11.2721269784173,0,1.21511318981164,0.73
"Ukraine",2019,0.148837209302326,99.4075583036676,112.880692266053,1.35857904051964,7.88671745611133,109.33,4.70999463445333,25.3476906450721,7.79384852813929,3.79372391176472,-0.414496337994933,0,1e-20,0,-1.74036518821082,0.28
"Zimbabwe",2019,0.00447761194029847,1.00978097231784,3.15406431222044,0.0452545291086402,255.304990757856,105.74,2.1159842871124,23.7495796248765,7.20265344248896,-8.17732035157181,-1.30893268585205,0,15.7470754468832,0,-0.846112275197076,0.106035536884705
"Afghanistan",2020,-0.0954861111111111,271.904336564334,302.143333907016,16.3723272155027,6.27803051754573,112.3,0,23.7496222249598,6.27126232577683,-5.36466592959428,-1.48028697967529,0,10.6936706956077,1,0.769341090627942,0.117500967176142
"Albania",2020,0.0889487870619947,20.6902726864227,24.1962166148943,5.19989084252612,1.62088661717011,105.72,5.72051619344393,23.2521488882379,8.39359195943477,-2.74523867757104,-0.159136842191219,0,1e-20,0,-0.45219459698606,0.13
"Argentina",2020,0,2.2986090532433,7.94799948543144,0.102461751332745,2.65376392253382,108.57,0.711660439551943,26.9671887151557,9.33667801136674,-10.7702732277494,-0.163596713542938,0,10.5461831896,0,-2.29823161493399,0.459296552577536
"Azerbaijan",2020,0.0833333333333332,8.70117685266772,7.49465410523441,0.908648778199074,2.75980947008127,122.2,3.68515410015234,24.6611317932482,8.53376713259219,-4.95270173869491,-0.768184915184974,0,1e-20,0,-1.18295088931376,0.23
"Benin",2020,0.0273556231003039,108.375550209447,126.801163282726,6.74799396938258,3.02272119663769,113.88,7.83339131421165,23.4128505096215,7.06022652067115,0.951937860885238,-0.330447122454643,0,8.85366542803745,0,-0.955949255580733,0.05
"Bangladesh",2020,-0.0126984126984127,290.933552303777,253.382433553792,1.85617773944947,5.69107474746211,115.91,0,26.3099629231742,7.37394105966921,2.27110129405703,-0.805420684814452,0,15.5108088685993,0,-0.181364476517287,3.4
"Bosnia and Herzegovina",2020,-0.0869565217391305,16.373023347384,16.0603444270474,4.97744418546457,2.31778245333409,115.06,9.65321324120803,23.6200565399547,8.6050611334892,-1.77870388670868,-0.507711872458459,0,9.61580548008435,0,-0.712421446670186,0.18
"Brazil",2020,-0.112676056338028,94.1689916303718,69.6296905849625,0.159196659554874,3.21176803803376,111.97,0.600811554741885,28.1963670766683,9.01864316239749,-3.91800417154039,-0.189713691174984,0,9.7503946464023,1,-1.3331619094892,0.19
"Botswana",2020,-0.0169491525423729,6.47631025654085,0.882738742846314,1.06275864416326,1.8903591682421,96.61,5.75768873849511,23.4176824213031,8.66749048093082,-10.4026309073442,0.435586839914322,0,1e-20,0,0.501249126704027,0.06
"Cote d'Ivoire",2020,-0.0340314136125654,166.978500401415,236.943601479016,3.54743590448601,2.42500656821815,119.18,3.78321802022638,24.8079589884576,7.70360671434215,-1.79502043398364,-0.532317966222763,0,9.833976689772,0,-1.38719016665976,0.183676542103603
"Cameroon",2020,0.0105263157894737,160.392202796809,165.392085484569,4.4826817732769,2.43760882182236,103.53,3.47155016860964,24.3502578407189,7.25793894595997,-2.42243441822372,-1.05566438436508,0,10.1811950438407,1,-1.10414093025805,0.173723860086579
"Colombia",2020,-0.0754716981132075,184.172751299337,214.330209611196,1.45022452634911,2.52663500084706,108.71,2.13631210367068,26.4213979641734,8.67542226716418,-8.54039537725433,-0.073415222391486,0,10.9440645724511,1,-2.04423399202645,0.19
"Costa Rica",2020,-0.0551724137931035,2.96031073793878,7.2158017429036,1.13704013408378,0.724911478131376,99.21,3.19513324571173,24.8444341068268,9.39516284831228,-4.99410158295288,0.591054689884186,0,1e-20,0,0.578220724495885,0.87
"Dominican Republic",2020,-0.0456273764258555,43.5629174442014,177.136733939059,1.6078426283885,3.78103179915517,112.34,3.78703012875158,25.145559114807,8.93218382996544,-7.71905867915002,-0.188974670320749,0,1e-20,0,-0.351501977226286,0.52627621432473
"Algeria",2020,0,19.0089315435697,17.2989384718383,0.127954889903907,2.41513094083414,112.5,0,25.9817285885009,8.39456883663738,-6.63165918655454,-0.896689844131469,0,1e-20,0,-1.57593020909851,0.29072159925379
"Ecuador",2020,-0.116040955631399,558.284877835976,1028.53140634737,1.8261994944332,-0.338872392562139,96.47,2.4504053340018,25.2662549674198,8.5834937288252,-10.5085169022973,-0.479994090087712,0,5.66988092298052,0,-0.948928892999022,0.33
"Egypt",2020,0.108974358974359,130.622616151913,112.292857542637,0.616502851055001,5.04493288977539,104.38,3.21352081920772,26.7448061998285,8.25212918178815,1.7709687318852,-0.726151561737061,0,9.92329017983231,0,4.04414189212415,0.15
"Ethiopia",2020,0.0276338514680484,584.974613485413,517.900797724699,2.90893246788601,20.3563468559061,119.74,2.71396811929304,25.2778979777562,6.69858309685078,3.28084798420211,-0.679832911491394,0,14.0224060211163,1,0.420575002262097,0.13
"Georgia",2020,-0.0365535248041777,51.4033886888493,41.0231896315106,10.2723101054516,5.2024648897534,116.34,6.63874205886127,23.5766509397329,8.44668687235555,-6.35478715206467,0.519376596808434,0,8.5434455625603,0,-2.03753499936269,0.3
"Ghana",2020,0.0329113924050632,101.826738683743,123.924487290653,2.34139209261309,9.88728956269944,122.4,0,24.8629985495589,7.57613038895207,-1.5416365263868,0.00387866199016571,0,5.29831736654804,0,-0.940001404361743,0.154711823022546
"Gambia",2020,-0.0313075506445673,10.0590356633376,11.9451617697267,14.4087520322765,5.93127636562441,63.22,12.0668638405427,21.246484144981,6.4855144203466,-1.95308366905797,-0.513312739133835,0,1e-20,0,2.13016909140238,0.39
"Guatemala",2020,-0.0973451327433628,64.1250056856905,73.5445369372757,1.45086839264839,3.21444062197345,105.99,4.66440019361894,24.964969282767,8.3246136501896,-3.27332196778804,-0.718950259685517,0,9.90698144179038,0,1.71023190687799,0.17
"Honduras",2020,-0.114914425427873,55.7545685257436,59.3774835775681,6.22398790270217,3.46841177951184,106.55,7.78259530319986,23.8213859334039,7.69118751726682,-10.4305071089027,-0.751455813646316,0,9.78131991856192,0,1.56346895638492,0.15
"Indonesia",2020,0.171428571428571,137.009135601279,374.950965732249,0.720920497080595,1.9209680056685,110.75,1.83876711680751,27.6583017852777,8.23751146651281,-2.88509409342301,-0.0367609202861789,0,14.1441478960553,0,1.28583472792206,0.29
"Iran",2020,-0.0467980295566502,2.56228445713928,2.07858582855773,0.0258398498618859,30.5941390387295,86.77,2.43494971153034,26.8297680599223,8.54501938219245,2.47089226742992,-1.19523067474365,0,12.3396196630326,1,1.61239306260644,0.14
"Jamaica",2020,-0.0567685589519651,0.946560354859992,1.34239777599748,1.82978688482135,5.2267777929352,100.83,7.09595570050951,23.3224393866901,8.47003734579756,-10.133126744459,0.182150615751743,0,1e-20,0,0.335702769204728,2.05
"Kenya",2020,-0.0512422360248447,599.92098858709,624.242959399856,4.58698394698226,5.40516207933392,125.82,3.44044349170523,25.154500861974,7.38802008436423,-2.25697950274444,-0.542621338367462,0,15.4852257377766,1,2.0040550366063,0.28
"Cambodia",2020,-0.0566893424036281,105.771393512158,103.976251835463,5.61374913847652,2.9402951426397,110.34,7.64440645457026,23.8598224777886,7.24722206674031,-4.21365375538406,-0.94078824520111,0,1e-20,0,-0.870920415876235,0.37
"Libya",2020,-0.0476190476190475,4.65685337402193,5.93966515669622,0.426797811419517,1.44703656998741,104.88,0,24.0151248411361,8.30440482217503,-58.8497747099143,-1.78073599338531,0,1e-20,0,-0.269725309509288,0.380615644568311
"Sri Lanka",2020,-0.171052631578947,47.5373303784249,40.0465134791386,1.47955615264614,6.15394508391738,108.5,2.54912204598851,25.2527624713166,8.34989807275109,-5.12926312074451,-0.138990565389395,0,12.8313584570699,0,-0.803355309079378,0.51
"Moldova",2020,0.0109090909090909,32.7692152922699,32.4267282608213,6.99402558533943,3.76597122245351,81.46,9.01924757223082,22.8518796879749,8.06743661337088,-7.26326976771907,-0.33470292147249,0,1e-20,0,-1.06247157944394,0.41
"Maldives",2020,0,4.26657984450648,2.69752841016339,10.3817004623145,-1.36977425569811,107.4,11.0861697986833,22.0276969906781,8.87686666902819,-34.2038639987036,-0.337199464440346,0,1e-20,0,0.238191770302674,0.462031267595797
"Mexico",2020,-0.0630252100840336,45.7670896680173,7.78520945478854,0.237681529020239,3.39683415570006,112.74,1.90678872361134,27.7872933841178,9.13551439548336,-9.28666749671056,-0.375416400469839,0,11.4626842485335,0,-0.87723959832058,0.2
"North Macedonia",2020,-0.229166666666667,11.8106769485317,17.443547090046,4.99132036897509,1.20007348888487,102.72,8.34141429671737,23.0898644941315,8.65586349369011,-3.65436823824773,-0.0159558262675999,0,1e-20,0,0.145639846172907,0.57
"Montenegro",2020,-0.0465116279069767,6.41854501255476,6.58890263885166,8.00720329675752,-0.255655699848551,102.84,13.0876169248155,22.1215238746748,8.78194488149917,-15.2084745840286,0.0553409539163112,0,1e-20,0,-0.259969438893506,0.72
"Mauritania",2020,-0.147632311977716,55.9170136075397,72.633394425147,6.82436480661791,2.3856948845632,108.39,12.3410996976651,22.689736281324,7.37045859693457,-2.90235981873887,-0.795851123332977,0,14.1661547534408,0,-0.262001288897478,0.160643378250222
"Mauritius",2020,-0.169082125603865,6.65433899656961,4.26124251098534,5.62278270884335,2.5808007718283,80.3,7.69284004479549,23.1958915520395,9.14450761196262,-14.5484955921362,0.81382160782814,0,1e-20,0,0.620281231451009,1.4
"Malawi",2020,-0.0139593908629443,119.021476502002,131.690616394266,7.51004261330183,8.62551469650552,137.83,3.04844162733058,23.1124946893308,6.33289418759088,-1.8515997803496,-0.454128097184002,0,7.71868549519847,0,0.0228821711928816,0.100262089851337
"Malaysia",2020,0.0132450331125827,1.78446578639137,1.69504238537704,0.0246476650357415,-1.1387021539305,102.84,5.27390966886392,26.5659591082074,9.24789888516407,-6.58445333067471,0.467011532187463,0,9.99346535865436,0,0.90549651427563,0.88
"Namibia",2020,-0.0212765957446809,10.1159777169877,14.965029790542,2.93943874782103,2.20938236933469,95.9,7.75450413507555,23.0588198863469,8.33138893252998,-9.66882120600128,0.24531465806067,0,13.2303205189094,0,0.165768983856412,0.06
"Nigeria",2020,-0.13588110403397,365.996923461253,371.610175300861,0.513467777067194,13.2460234276597,112.64,0,26.9383384470828,7.78371698445508,-4.1620592907919,-0.942640995979308,0,12.1741949066322,1,-1.07556431152319,1.66997060317625
"Nepal",2020,-0.076923076923077,86.5120131822709,71.9570654731155,4.78041319015615,5.05236655289212,120.46,8.72981576507002,24.1204575171122,6.92570119420651,-4.08656859188451,-0.583023926615715,0,11.6756988620884,0,2.40992697258078,0.24
"Pakistan",2020,-0.711267605633803,188.994407296169,195.874191551824,1.25885734862214,9.73999313898155,115.98,2.33391573538266,26.6055126290803,7.36418572856209,-2.97029464978425,-0.756502711772919,0,14.2603149619381,0,0.869614021628389,0.65
"Peru",2020,-0.0645879732739421,315.783614713648,257.067057043775,1.65596905674747,2.00241205759292,118.74,2.64298606192698,25.9782007374082,8.65698996983294,-12.2166865947607,-0.0970699965953828,0,9.00589589809446,0,-1.13738758094895,0.13
"Paraguay",2020,-0.126760563380282,29.402646613879,45.0649687571361,3.09077804566959,1.76751592356698,116.83,2.33167140886027,24.4206970309446,8.71528825237344,-2.14847789745059,-0.388873998820782,0,1e-20,0,-2.52957182541649,0.2
"Senegal",2020,0.0512820512820514,150.782665356708,162.910715453396,8.9422471352161,2.54314685681652,183.45,9.7781777291513,23.8528038575738,7.2378119475685,-1.34214592481055,-0.0885860074311497,0,12.7278382093345,0,2.60613713750466,0.25
"Sierra Leone",2020,-0.0277108433734939,38.2878985349703,23.1033063423047,11.1981814877012,13.4468711101052,91.46,0,22.3345096840225,6.41073084614684,-4.19655104811287,-0.649950873851777,0,1e-20,0,0.698126046047066,0.182565131756409
"El Salvador",2020,-0.0687203791469194,23.8179108626668,11.078971488265,4.54202441175562,-0.371590212324095,98.27,9.86865617832906,23.890635769904,8.23573005421667,-8.07626916563888,-0.325669258832932,0,1e-20,0,1.28085957389767,0.683704098960878
"Serbia",2020,0.04,54.6849959503427,61.6146304360275,3.38432055990017,1.57553290083415,110.92,4.99969985235134,24.5344438004741,8.78753850559621,-0.2409239589782,-0.131401189416647,0,7.64969262371151,0,-0.0678092003358783,0.51
"Chad",2020,0.00524246395806018,176.701850283509,239.951110715107,8.32458525526668,4.4641443723286,121.32,13.6945449453393,23.060990217296,6.43338775181846,-4.66133902000324,-1.3590616941452,0,10.5168878150058,1,-0.863972294231887,0.02
"Togo",2020,0.0553691275167786,25.266409116601,29.7568129488935,8.0789125723149,1.69928463299408,116.4,5.79285172120522,22.6686168045434,6.71981829748023,-0.417772638015364,-0.710270202159881,0,10.9508065468167,0,-1.41027095919484,0.150825054403539
"Tajikistan",2020,0.00347222222222227,28.6174773725968,19.5862581952207,6.33664836895179,2.61405207443732,156,7.20053936900692,23.1590898013122,7.08774965085597,2.1441873382557,-1.24067566394806,0,7.89729647259588,0,-1.15643890601679,0.134693166853115
"Tunisia",2020,-0.131221719457013,42.7684552874733,59.6074734660825,4.04292545734777,5.63415115897625,122.9,5.28109693280795,24.5321751936716,8.21837107512801,-9.43669835870003,-0.0362894460558892,0,10.5966347330961,0,-0.50202184100244,0.13
"Tanzania",2020,-0.00356506238859172,188.620734879592,133.630226137109,3.34220639049744,3.29029062798325,112.05,1.13639711028178,24.8433744880177,6.93625708127599,-1.01958280878104,-0.637430566549301,0,11.0833879269187,0,2.37841819414899,0.157662686451319
"Uganda",2020,0.0253333333333334,338.364229173542,389.196549445927,6.16610808990285,3.31332289544502,139.38,2.56855847986094,24.4311820809739,6.82232820761225,-0.423316496776323,-0.645213782787323,0,11.7867621306,0,1.60341421416698,0.124955174147421
"Ukraine",2020,-0.0874316939890709,112.880692266053,109.36020812518,2.07066078946933,2.73249209419427,99.24,5.62155100814198,25.3094402983216,7.76234086774278,-3.10165858921107,-0.42630660533905,0,10.950244985662,0,-1.07108305335051,0.28
"Zimbabwe",2020,-0.0464767616191903,3.15406431222044,3.76202352564416,0.0535100606606578,557.201817362051,110.34,5.65826628966643,23.6681857060544,7.10094840656331,-9.67040477679424,-1.30423052310943,0,15.7470319695675,0,0.580718395584959,0.32545920593621
